179.50.230.243,
169.1.115.254,
103.244.117.253,
3.3.169.185,
117.164.253.9,
207.174.180.120,
81.18.83.86,
44.220.79.32,
230.193.98.239,
230.22.124.183,
71.136.237.147,
246.173.4.5,
116.163.31.86,
191.207.16.230,
118.196.218.98,
63.9.247.63,
148.250.168.3,
14.61.41.254,
77.87.137.225,
10.5.47.208,
208.41.192.64,
16.201.243.71,
235.61.81.77,
230.210.192.67,
77.133.8.193,
33.236.10.33,
16.99.119.173,
63.96.143.190,
233.22.79.98,
191.251.133.243,
33.230.22.66,
33.6.64.54,
100.156.224.193,
167.116.16.192,
149.18.34.218,
32.6.53.247,
230.31.193.73,
167.149.183.0,
167.62.41.144,
33.39.3.234,
236.165.179.178,
118.246.54.64,
138.133.52.116,
195.79.120.138,
33.31.163.241,
249.63.9.220,
97.193.243.149,
118.230.164.241,
73.41.133.98,
236.246.32.41,
253.126.66.193,
118.143.136.173,
237.224.136.86,
185.79.67.180,
230.31.152.229,
167.89.106.249,
226.135.188.7,
71.186.220.218,
224.7.62.133,
96.137.87.226,
225.230.79.179,
249.63.232.152,
96.18.136.186,
121.160.3.241,
133.220.62.230,
224.6.83.96,
10.41.167.173,
225.225.230.16,
190.222.78.86,
174.211.143.46,
173.118.3.77,
61.188.63.133,
18.96.179.220,
224.30.136.41,
141.179.73.6,
41.31.193.208,
52.232.61.218,
174.41.109.8,
230.140.199.120,
246.6.118.100,
61.41.9.96,
33.135.33.33,
201.168.107.8,
196.73.120.114,
253.31.118.124,
46.136.208.174,
199.124.121.97,
18.116.79.193,
86.133.224.220,
56.233.73.62,
77.31.64.195,
103.81.53.77,
127.52.78.118,
16.16.193.174,
3.239.218.24,
18.7.5.208,
191.86.171.244,
76.67.202.16,
196.44.14.47,
71.129.73.55,
44.164.132.77,
196.31.194.39,
8.218.224.237,
16.147.73.30,
237.231.63.219,
247.141.220.143,
61.3.133.3,
98.120.149.244,
46.71.142.160,
31.171.97.176,
147.86.63.34,
114.137.192.91,
224.222.171.3,
201.176.9.133,
98.123.22.33,
63.16.126.5,
167.47.156.41,
109.55.120.144,
253.219.118.78,
188.173.186.52,
171.98.193.66,
253.178.171.61,
46.126.96.186,
5.103.118.19,
147.149.241.104,
254.34.194.76,
7.173.226.208,
253.35.173.136,
1.254.120.156,
137.96.210.160,
149.117.218.191,
64.173.186.176,
246.6.218.185,
34.10.18.98,
194.93.243.143,
236.64.191.41,
188.79.220.6,
54.46.195.9,
244.100.32.118,
79.64.121.112,
193.78.24.224,
193.147.164.232,
173.77.185.168,
127.3.117.44,
44.127.14.77,
203.97.120.105,
38.47.47.63,
89.152.119.164,
224.112.236.6,
96.144.231.148,
140.243.168.235,
133.107.6.87,
89.236.67.167,
73.186.100.149,
96.118.77.208,
0.125.133.224,
253.247.102.9,
63.236.83.201,
64.193.195.137,
33.53.8.16,
224.224.102.180,
253.77.244.34,
203.67.137.9,
125.239.86.208,
173.76.24.94,
54.172.193.142,
12.22.32.86,
202.140.10.138,
9.79.98.147,
47.224.183.87,
253.195.73.62,
16.47.174.210,
61.5.72.173,
222.67.78.14,
6.149.3.61,
188.116.203.47,
118.3.120.120,
86.97.240.230,
201.47.224.61,
176.117.3.193,
243.31.167.5,
199.164.144.171,
9.65.109.232,
9.240.16.195,
234.185.53.4,
117.100.54.66,
77.46.194.123,
73.78.223.208,
173.4.100.244,
249.22.149.100,
240.6.143.77,
77.6.86.149,
230.105.143.247,
117.250.105.61,
195.244.117.173,
195.244.63.202,
73.34.62.46,
254.152.12.208,
186.129.66.81,
77.117.52.53,
6.16.19.93,
191.42.1.86,
254.47.47.235,
14.100.67.235,
240.179.165.129,
173.80.106.179,
0.127.220.72,
61.168.3.185,
196.224.116.65,
203.224.124.138,
34.246.249.107,
121.180.133.93,
3.234.222.167,
121.62.185.81,
33.164.53.71,
127.61.142.9,
78.97.34.220,
116.149.186.52,
246.174.56.142,
210.208.72.120,
61.218.196.225,
96.193.208.199,
191.152.243.196,
32.156.165.135,
102.178.118.247,
47.233.126.0,
71.97.121.171,
22.172.0.65,
16.141.140.81,
220.61.121.102,
201.105.81.121,
83.42.3.119,
10.52.14.231,
220.125.186.89,
230.39.164.194,
143.86.72.14,
219.14.114.220,
254.19.5.67,
118.220.191.34,
22.118.9.3,
121.107.125.89,
165.65.1.6,
71.235.77.203,
44.254.249.176,
76.211.208.1,
220.143.167.14,
34.233.174.72,
55.67.191.63,
125.156.201.76,
5.103.33.222,
5.174.211.141,
96.39.138.16,
246.109.47.180,
249.5.247.103,
8.165.12.52,
168.39.230.47,
125.72.125.47,
16.143.223.107,
72.10.233.86,
135.169.141.118,
247.132.81.46,
141.243.77.61,
55.230.100.14,
31.6.137.67,
164.73.16.167,
148.41.126.234,
235.18.219.34,
117.123.167.12,
244.160.120.46,
91.86.64.222,
196.86.65.193,
71.167.222.9,
220.86.142.66,
190.220.190.22,
208.127.34.137,
64.63.64.79,
46.112.188.127,
164.77.246.124,
203.61.147.86,
251.253.224.106,
194.193.249.173,
121.97.247.222,
19.163.168.244,
180.44.149.120,
149.118.141.80,
46.137.63.224,
73.10.125.156,
244.171.171.44,
93.118.6.63,
121.174.194.138,
78.79.222.167,
143.97.77.183,
249.143.231.243,
6.229.171.12,
63.44.96.86,
121.56.97.67,
63.16.253.193,
30.120.47.195,
219.97.241.249,
127.55.123.142,
4.186.34.63,
9.224.47.207,
190.18.165.3,
6.107.190.120,
249.116.203.208,
121.3.19.220,
55.24.173.96,
4.41.31.199,
9.71.79.39,
115.41.224.0,
219.47.236.156,
178.39.64.41,
63.231.10.46,
243.9.96.16,
107.34.147.171,
12.87.188.220,
73.138.41.96,
33.148.147.138,
121.192.176.71,
16.22.73.61,
202.247.6.38,
64.77.41.16,
6.54.34.33,
46.125.61.46,
64.149.47.249,
196.64.220.31,
79.99.193.7,
173.67.176.96,
225.144.186.16,
243.224.4.160,
207.173.126.169,
253.9.24.3,
188.118.142.253,
102.106.132.149,
76.210.96.63,
86.186.233.220,
194.253.222.93,
47.219.192.120,
54.63.96.126,
247.6.207.192,
9.78.249.99,
171.77.71.35,
33.114.9.44,
188.118.137.185,
199.136.247.72,
34.196.107.46,
195.66.93.83,
54.94.167.79,
64.10.100.16,
104.137.3.63,
164.31.100.120,
53.79.208.118,
47.3.207.147,
118.16.93.241,
125.34.91.152,
218.33.237.236,
107.55.116.114,
105.174.107.199,
80.30.63.97,
137.78.224.185,
41.137.196.38,
14.232.83.50,
3.138.72.144,
66.220.6.79,
133.163.34.64,
125.193.96.243,
86.127.220.220,
136.220.194.211,
183.9.103.105,
124.133.97.179,
220.193.218.6,
22.149.55.178,
63.63.24.83,
165.120.78.30,
47.56.202.243,
41.193.71.180,
7.54.243.63,
249.225.46.31,
254.244.16.133,
160.18.16.14,
73.0.230.207,
180.47.222.78,
164.104.220.199,
196.147.34.96,
118.142.173.121,
52.165.64.89,
100.225.41.10,
163.86.250.138,
91.18.208.247,
47.65.121.18,
56.171.186.171,
163.67.0.54,
34.96.80.254,
53.116.39.19,
72.16.120.9,
72.112.73.47,
7.236.196.127,
163.116.138.22,
98.163.63.199,
218.63.4.121,
165.86.202.202,
190.77.203.167,
142.173.80.119,
72.93.31.31,
219.96.172.165,
98.79.91.124,
87.226.237.208,
137.7.41.42,
222.133.211.4,
118.39.226.244,
80.9.3.65,
178.220.7.152,
67.233.7.104,
171.141.222.64,
14.71.231.149,
168.78.244.35,
33.65.173.226,
52.73.16.236,
35.244.240.224,
100.41.93.6,
80.124.223.224,
222.226.0.247,
47.137.125.22,
47.140.194.143,
124.229.119.83,
62.169.93.230,
97.124.67.230,
31.201.34.64,
47.16.67.220,
63.133.86.116,
10.230.39.115,
6.9.156.190,
66.46.244.100,
118.133.116.107,
235.39.137.135,
81.50.243.132,
16.73.143.174,
222.244.120.112,
251.121.54.99,
3.3.39.61,
143.148.247.109,
222.156.18.116,
254.232.246.125,
78.193.102.107,
14.137.109.32,
6.115.52.249,
3.76.220.125,
118.61.47.223,
121.235.109.87,
186.121.160.53,
3.71.193.96,
96.125.129.3,
7.46.160.16,
105.6.168.78,
235.171.64.38,
10.133.253.19,
118.107.208.53,
126.86.9.5,
3.102.183.165,
112.86.0.191,
250.126.230.116,
5.196.14.169,
224.77.8.104,
142.253.3.188,
149.136.235.5,
41.218.250.63,
47.116.141.235,
254.87.165.46,
73.64.196.236,
63.118.236.127,
77.3.72.225,
218.47.53.50,
30.133.89.102,
53.98.63.120,
64.62.142.46,
183.120.9.63,
127.107.86.224,
237.129.124.78,
4.86.5.196,
5.253.125.117,
79.41.133.63,
229.241.118.224,
118.87.9.9,
191.35.5.12,
99.34.66.138,
120.6.86.244,
35.226.118.194,
144.125.19.78,
64.226.141.237,
147.201.164.77,
8.148.220.249,
106.6.224.240,
9.107.247.32,
100.239.250.81,
86.183.224.86,
222.195.16.244,
3.98.41.121,
234.218.105.9,
76.191.202.109,
61.107.41.149,
47.120.164.31,
31.126.5.93,
135.16.64.67,
14.16.179.120,
6.8.78.208,
138.251.14.10,
91.132.56.141,
208.107.249.176,
193.31.5.118,
127.160.31.203,
100.98.34.72,
71.237.230.31,
223.96.109.91,
186.63.120.115,
24.253.147.72,
244.126.165.6,
16.71.78.22,
41.22.73.120,
127.229.73.194,
12.33.211.168,
117.202.223.71,
208.195.244.121,
218.54.78.77,
196.9.140.86,
64.235.174.7,
133.34.229.24,
116.120.253.169,
196.6.188.133,
136.164.141.41,
164.14.100.138,
121.32.9.114,
164.229.121.61,
186.97.249.9,
78.230.79.141,
188.1.34.64,
63.3.117.64,
196.109.251.240,
3.124.220.107,
138.100.208.120,
3.32.9.66,
196.5.16.149,
120.118.208.100,
72.138.22.235,
179.96.141.195,
218.254.67.18,
31.208.169.124,
86.235.250.46,
129.105.120.137,
63.174.167.81,
10.240.172.178,
14.167.246.67,
121.14.220.233,
165.61.142.121,
156.119.120.97,
14.53.229.35,
138.7.63.104,
143.136.18.77,
86.230.137.73,
208.137.112.102,
127.232.63.66,
186.42.79.229,
6.79.129.235,
137.3.224.98,
61.14.104.80,
98.46.115.86,
91.118.135.196,
47.87.32.5,
186.61.167.125,
54.89.63.183,
115.224.72.199,
193.10.9.124,
241.8.254.64,
97.100.71.243,
193.224.125.244,
126.67.124.107,
86.129.67.137,
72.196.208.207,
125.72.224.243,
1.77.234.121,
63.223.164.18,
107.251.31.24,
235.71.186.234,
73.199.243.61,
73.116.210.244,
54.199.148.114,
46.168.39.143,
220.96.236.46,
6.55.78.253,
39.117.77.3,
208.119.116.136,
219.24.100.234,
66.67.133.149,
171.112.78.144,
193.123.156.105,
253.193.19.6,
220.10.233.56,
220.138.83.230,
104.42.1.125,
210.121.14.125,
32.41.208.186,
24.76.116.137,
218.164.67.46,
78.246.19.86,
30.31.89.176,
14.18.133.168,
99.253.103.9,
239.173.210.98,
240.236.5.44,
97.77.224.120,
77.120.250.173,
61.220.235.63,
83.96.16.210,
1.118.22.222,
124.73.6.67,
1.71.186.224,
233.9.234.16,
230.76.73.67,
208.72.121.116,
34.235.220.117,
38.117.72.102,
30.230.137.222,
199.99.73.237,
98.94.31.53,
230.47.125.124,
61.3.3.235,
229.224.91.16,
103.202.67.4,
47.156.67.210,
143.44.87.67,
179.171.125.16,
66.133.143.96,
246.4.83.167,
140.100.135.119,
250.125.126.118,
246.222.115.253,
178.71.195.114,
41.142.142.243,
47.207.191.64,
55.118.16.64,
54.34.164.102,
193.97.56.254,
133.14.5.226,
9.93.193.5,
73.14.31.1,
31.3.18.243,
250.61.14.41,
236.78.54.143,
138.62.66.231,
135.247.86.64,
97.234.6.233,
138.220.120.61,
244.185.32.224,
235.243.147.38,
22.56.86.183,
186.164.78.76,
34.168.89.229,
165.196.98.47,
54.140.127.47,
34.233.63.47,
148.194.143.76,
142.61.168.147,
120.236.6.5,
251.10.118.140,
207.5.226.218,
174.152.112.201,
41.126.103.125,
143.22.120.220,
173.222.244.1,
47.16.46.33,
202.22.9.46,
235.22.106.124,
196.250.244.132,
80.55.54.196,
224.34.148.10,
121.143.222.192,
220.30.30.167,
115.6.231.105,
6.6.52.34,
9.30.9.220,
193.196.39.185,
179.173.124.32,
107.126.83.56,
39.169.218.31,
195.67.56.234,
83.78.120.246,
103.168.120.196,
224.55.99.5,
147.62.171.6,
254.124.72.31,
77.250.178.222,
64.14.41.105,
120.241.67.160,
47.120.62.38,
218.118.39.167,
132.164.115.120,
195.78.5.96,
34.78.6.31,
47.143.196.117,
98.119.194.116,
230.47.190.219,
124.66.188.80,
73.136.53.83,
167.133.115.218,
190.47.99.10,
125.167.78.129,
142.167.35.39,
55.183.62.22,
16.172.232.53,
86.52.56.3,
194.3.220.172,
16.105.243.112,
133.53.79.241,
135.192.116.63,
16.160.230.220,
103.169.79.81,
34.173.65.253,
77.44.38.32,
234.61.126.127,
222.102.32.250,
33.93.89.203,
143.66.254.24,
126.208.254.96,
87.4.33.156,
80.112.120.78,
140.118.199.168,
224.1.46.173,
199.112.62.220,
32.16.190.138,
232.167.63.10,
239.147.180.14,
80.100.91.164,
144.103.220.99,
246.224.22.1,
7.32.142.192,
171.107.167.202,
104.116.239.129,
100.240.121.117,
55.156.126.89,
67.210.44.233,
239.41.176.192,
173.116.53.96,
34.5.78.41,
235.121.47.171,
195.41.173.118,
6.86.3.148,
135.46.10.114,
71.168.32.180,
121.231.63.86,
208.160.117.22,
190.236.98.61,
163.240.18.163,
225.46.119.169,
67.4.32.226,
14.22.79.72,
6.243.46.18,
32.224.117.78,
176.220.246.222,
52.35.72.138,
89.172.61.22,
66.147.148.180,
178.244.6.35,
105.173.186.239,
180.195.55.172,
102.6.94.89,
220.191.147.236,
126.56.127.47,
185.199.208.87,
62.34.97.72,
16.178.220.38,
34.0.61.71,
50.107.239.6,
196.229.167.56,
203.22.38.172,
233.199.147.253,
125.241.67.126,
18.8.138.230,
78.39.106.3,
50.71.243.97,
225.77.174.79,
229.79.98.179,
93.50.186.120,
10.47.133.178,
219.5.194.229,
247.195.196.54,
173.3.138.78,
9.118.243.14,
143.50.253.208,
118.34.10.120,
244.0.120.220,
125.1.118.143,
235.56.112.124,
53.152.250.126,
72.190.135.118,
112.224.180.191,
116.179.232.22,
222.91.174.143,
94.240.194.174,
250.220.46.235,
6.114.16.41,
6.165.121.143,
5.127.53.30,
167.124.244.63,
124.116.229.224,
52.129.107.112,
223.96.141.125,
218.224.50.31,
230.4.219.141,
64.14.186.47,
77.183.188.147,
208.218.64.126,
41.149.66.6,
67.230.141.63,
3.229.63.176,
97.47.34.3,
180.120.164.86,
64.201.6.94,
117.30.120.63,
105.46.226.72,
137.231.220.35,
6.224.191.133,
203.152.87.114,
10.135.253.231,
125.118.220.41,
173.125.78.147,
61.34.10.183,
235.226.97.112,
172.225.149.239,
125.220.106.192,
195.22.10.119,
186.208.18.219,
147.100.100.78,
224.144.137.253,
219.6.6.97,
135.141.32.119,
61.98.53.16,
124.86.226.244,
172.143.47.160,
115.61.100.210,
125.179.41.100,
188.107.143.78,
235.250.18.41,
32.239.97.12,
79.56.226.202,
142.53.7.96,
71.125.97.211,
254.41.133.193,
0.18.93.56,
33.169.72.106,
87.106.86.73,
210.63.44.61,
16.4.8.30,
47.207.167.247,
78.136.64.125,
94.5.54.109,
243.208.65.224,
224.141.7.6,
243.218.224.54,
246.196.117.61,
9.230.224.6,
147.233.80.47,
244.138.86.35,
254.179.80.230,
167.72.5.133,
164.149.116.16,
230.71.63.174,
14.118.149.3,
137.132.222.127,
33.137.34.22,
107.196.78.62,
67.97.224.127,
171.250.173.16,
126.35.208.16,
137.79.208.78,
78.87.47.183,
5.67.196.222,
16.179.220.67,
185.98.78.183,
34.71.253.72,
118.32.196.141,
147.107.208.67,
78.208.64.6,
105.22.18.230,
164.138.98.229,
32.3.41.167,
3.77.244.127,
8.186.218.87,
32.77.32.253,
249.94.165.240,
96.202.142.123,
86.72.6.137,
129.125.207.97,
171.148.41.33,
171.225.83.32,
230.10.164.237,
87.124.135.10,
103.233.42.67,
103.103.253.220,
192.107.64.249,
66.118.16.163,
123.8.107.118,
138.103.225.156,
121.64.183.33,
210.18.142.6,
171.32.254.241,
99.174.251.232,
121.86.125.98,
112.246.91.247,
118.243.46.117,
31.116.133.98,
102.120.169.140,
226.103.62.127,
116.230.3.164,
18.160.16.116,
125.100.218.195,
220.178.22.97,
61.186.35.9,
116.230.46.164,
137.87.7.244,
164.180.14.61,
195.196.152.233,
6.80.142.218,
188.163.125.98,
138.47.147.235,
219.34.6.6,
64.191.246.125,
3.118.199.53,
226.96.126.168,
125.32.77.180,
65.30.120.65,
61.22.61.183,
61.141.54.66,
132.86.203.104,
72.220.191.67,
3.118.230.34,
86.18.125.140,
121.251.72.33,
7.61.100.121,
61.233.103.232,
100.180.3.137,
165.78.167.152,
99.191.6.107,
237.253.94.19,
63.202.46.72,
80.38.97.168,
133.87.164.163,
186.7.16.35,
55.120.61.18,
76.6.9.32,
16.119.66.109,
192.61.246.3,
193.135.79.14,
39.223.167.125,
174.244.34.33,
76.6.253.125,
73.72.186.143,
178.171.6.116,
230.67.118.224,
3.147.253.127,
195.179.196.143,
250.218.124.195,
167.64.31.138,
76.100.120.98,
6.91.164.220,
250.226.243.6,
118.47.94.83,
61.124.73.193,
114.93.118.71,
10.173.231.120,
103.78.6.66,
195.76.63.65,
137.164.44.114,
220.222.149.8,
10.97.34.67,
244.64.3.235,
147.34.112.54,
83.235.5.178,
72.124.107.224,
147.125.34.226,
22.9.229.14,
103.116.9.55,
97.9.246.33,
168.133.236.4,
195.251.97.222,
143.168.193.97,
109.55.218.224,
71.89.24.34,
190.41.186.93,
34.14.64.254,
115.79.103.167,
56.3.232.31,
149.224.152.79,
34.79.22.231,
218.164.142.34,
224.72.164.35,
18.32.253.67,
231.143.42.196,
173.172.87.240,
191.194.61.208,
112.253.79.89,
121.224.236.10,
64.243.31.152,
240.230.230.127,
179.147.251.6,
202.32.176.114,
89.109.173.121,
73.86.63.125,
98.96.117.126,
53.66.137.218,
1.33.24.5,
132.56.117.188,
94.79.120.218,
176.135.117.63,
3.196.86.16,
5.52.42.142,
224.164.107.44,
232.235.125.164,
117.220.10.104,
77.220.4.244,
34.232.125.67,
193.147.71.222,
33.61.171.6,
8.194.176.32,
179.5.103.220,
86.132.117.244,
120.6.87.147,
16.64.41.231,
118.41.47.116,
3.254.207.46,
195.138.71.16,
235.220.54.3,
18.247.3.80,
93.107.247.31,
105.32.34.53,
236.5.18.61,
232.22.203.46,
220.33.171.172,
196.33.231.183,
34.160.163.144,
127.22.104.1,
202.133.237.229,
144.107.222.226,
149.254.97.225,
220.232.163.224,
10.87.22.46,
61.61.46.38,
165.72.188.9,
106.232.193.61,
97.254.224.138,
121.86.103.132,
232.201.41.196,
72.124.138.55,
120.167.104.7,
138.208.33.142,
164.64.71.222,
235.191.79.63,
65.72.114.34,
244.251.54.201,
31.149.235.7,
77.73.112.232,
35.183.94.203,
6.19.105.65,
133.223.55.137,
118.6.66.0,
133.143.7.81,
86.148.124.63,
98.224.163.97,
137.63.33.16,
223.8.160.127,
77.218.147.115,
247.3.78.149,
186.148.247.231,
18.98.118.4,
220.96.35.167,
244.0.97.102,
188.104.120.169,
240.185.243.14,
16.230.109.64,
190.73.4.127,
71.34.141.195,
121.100.253.18,
156.230.208.172,
124.118.96.125,
222.24.247.14,
62.138.50.31,
41.254.3.86,
195.91.32.222,
12.30.186.125,
171.7.253.107,
9.32.183.14,
116.219.118.42,
208.125.149.149,
219.10.194.109,
185.39.230.9,
4.22.5.208,
94.224.105.244,
10.32.118.102,
6.136.156.222,
56.117.196.114,
120.96.178.72,
208.174.163.78,
253.34.183.126,
78.195.107.38,
173.4.237.147,
53.224.156.100,
211.3.100.10,
50.41.55.5,
121.143.152.86,
201.106.253.16,
201.251.71.10,
114.222.229.244,
195.4.193.147,
41.179.3.254,
201.9.169.247,
67.103.125.125,
118.5.71.126,
24.149.118.67,
191.86.118.176,
62.164.33.244,
106.98.253.64,
220.133.77.9,
224.210.33.98,
127.210.142.116,
16.109.210.10,
120.220.18.89,
186.9.38.234,
124.18.171.147,
94.254.240.86,
229.224.99.34,
77.3.87.136,
176.246.0.147,
147.173.224.195,
143.253.114.193,
55.72.232.246,
143.185.38.129,
52.220.46.72,
42.220.34.235,
220.67.202.125,
47.127.125.208,
164.234.89.34,
93.44.18.44,
222.195.119.247,
39.250.230.99,
232.35.231.165,
195.5.112.64,
132.125.160.224,
6.156.138.31,
9.7.7.132,
241.42.179.135,
3.16.46.247,
164.107.163.73,
3.115.55.222,
236.149.224.18,
224.220.224.96,
3.6.62.163,
7.63.6.199,
196.250.30.253,
152.18.22.231,
136.179.156.152,
117.98.97.116,
18.193.126.105,
164.133.7.107,
89.149.39.112,
233.231.196.39,
86.193.219.107,
50.254.118.210,
196.222.72.24,
79.24.78.224,
133.6.196.112,
91.152.178.32,
223.34.247.106,
123.138.220.16,
171.18.65.50,
83.126.244.64,
103.135.156.16,
50.38.78.81,
6.196.9.234,
168.208.73.234,
156.222.10.165,
224.224.160.106,
30.76.38.35,
39.192.203.3,
147.4.4.93,
241.97.244.220,
38.50.167.96,
22.253.224.203,
183.105.34.237,
118.218.19.8,
237.9.106.179,
243.78.127.141,
5.61.224.220,
133.138.3.136,
117.77.116.116,
67.246.160.8,
222.140.67.165,
87.235.235.230,
97.3.234.119,
208.140.78.196,
225.63.126.33,
125.91.4.254,
9.61.188.142,
56.208.201.237,
116.186.237.7,
102.172.0.115,
232.5.112.3,
240.78.64.208,
220.34.80.78,
254.138.163.83,
232.142.173.254,
138.64.9.73,
249.9.76.247,
124.116.172.19,
138.98.41.117,
218.52.125.119,
120.234.83.86,
229.71.81.52,
6.63.193.243,
97.118.141.5,
211.196.46.199,
165.10.3.125,
224.9.253.234,
118.193.179.78,
34.66.77.125,
6.143.135.67,
223.236.202.46,
12.220.109.223,
123.53.132.100,
125.174.103.22,
12.86.31.230,
33.116.220.194,
10.78.31.235,
99.133.230.224,
164.125.79.120,
163.191.171.63,
137.66.86.173,
230.3.125.114,
152.120.6.56,
121.5.54.18,
230.34.249.237,
19.232.1.171,
3.229.6.232,
115.143.147.76,
72.63.160.9,
9.19.53.152,
91.118.104.125,
247.220.195.71,
230.165.126.65,
249.138.224.193,
188.16.195.231,
112.168.14.107,
77.100.19.223,
61.199.10.32,
243.160.195.254,
176.202.16.96,
4.78.230.18,
191.81.67.156,
53.220.77.125,
183.183.3.143,
100.135.208.46,
8.193.30.174,
96.253.80.123,
141.179.64.192,
149.254.230.220,
63.5.126.201,
135.143.93.52,
91.65.223.12,
196.126.253.33,
121.106.35.233,
147.254.63.149,
186.196.220.247,
46.1.222.186,
62.91.78.22,
61.47.140.78,
22.138.77.174,
120.193.126.102,
98.224.171.38,
225.3.47.83,
38.97.147.236,
160.173.220.244,
78.127.61.67,
9.78.56.219,
168.46.104.71,
243.253.32.12,
61.230.1.193,
193.14.196.47,
3.6.250.86,
34.22.76.86,
125.229.55.192,
149.54.116.34,
249.118.47.94,
116.253.168.222,
8.31.253.231,
14.253.208.34,
203.81.3.104,
251.61.230.142,
196.137.195.97,
253.42.78.195,
120.225.229.53,
120.211.3.220,
224.64.195.168,
93.220.9.199,
41.222.77.107,
179.149.191.35,
196.63.237.109,
120.93.61.6,
102.6.211.137,
72.143.179.176,
87.117.116.63,
138.22.143.18,
208.164.124.225,
94.118.120.172,
6.195.188.190,
167.147.3.123,
222.220.220.246,
41.240.102.80,
220.117.38.18,
3.137.63.18,
149.132.239.22,
54.222.41.63,
94.104.136.137,
119.94.63.129,
78.22.16.76,
65.87.9.16,
207.125.96.138,
44.253.117.118,
118.116.123.220,
61.211.53.127,
222.62.250.31,
143.62.56.54,
230.142.243.39,
143.100.52.41,
77.253.235.225,
188.164.30.225,
52.180.133.72,
201.114.186.203,
230.147.3.109,
109.246.33.18,
34.86.39.222,
241.167.87.147,
160.117.12.115,
193.219.196.196,
64.121.87.94,
123.167.44.64,
94.61.143.254,
96.38.129.230,
195.196.6.191,
141.16.78.63,
3.5.3.86,
12.61.16.201,
196.86.31.78,
125.97.9.232,
4.239.6.6,
32.22.73.136,
87.143.141.196,
152.219.22.207,
14.63.132.76,
18.78.102.232,
22.79.235.14,
226.41.1.116,
109.219.230.50,
78.72.202.186,
112.178.9.192,
6.61.71.102,
6.160.224.123,
31.117.47.243,
87.63.171.80,
35.120.67.186,
105.76.72.143,
125.34.56.96,
100.136.0.152,
218.78.72.87,
126.195.64.55,
103.171.109.235,
107.61.98.80,
192.55.251.41,
18.136.80.35,
188.7.47.56,
208.97.140.254,
9.16.86.133,
9.9.103.76,
226.246.98.207,
78.98.129.6,
9.125.226.179,
42.224.195.63,
19.147.56.30,
83.244.62.243,
72.230.65.31,
9.97.44.96,
3.126.129.123,
234.196.97.118,
79.14.61.61,
132.230.180.103,
235.117.4.117,
61.127.237.65,
168.178.32.186,
41.47.72.50,
97.94.18.77,
10.119.120.41,
24.231.218.156,
210.33.116.218,
72.3.118.171,
62.71.250.89,
61.226.124.100,
63.250.243.72,
239.230.116.34,
169.31.224.97,
169.18.115.50,
87.80.109.41,
137.225.244.236,
118.135.71.169,
18.46.239.193,
163.53.65.94,
103.71.79.123,
16.137.180.118,
172.30.104.243,
179.8.67.65,
118.235.156.225,
148.208.208.67,
235.47.235.129,
18.137.244.173,
14.54.195.222,
147.196.121.46,
100.73.73.3,
118.220.44.124,
12.207.124.41,
208.178.102.102,
39.232.193.53,
230.218.8.222,
5.33.136.89,
41.86.144.46,
79.192.16.171,
8.174.65.105,
102.71.195.104,
118.167.109.116,
6.178.208.18,
32.67.223.241,
47.86.83.230,
172.31.196.208,
34.164.208.65,
144.9.219.47,
147.44.191.16,
149.196.192.127,
53.61.102.137,
193.42.234.173,
78.77.222.203,
220.55.220.63,
39.106.125.210,
61.207.100.52,
56.168.50.141,
52.118.178.140,
165.3.176.235,
34.240.116.79,
73.118.254.71,
64.237.79.5,
73.89.64.32,
109.4.117.34,
194.244.120.22,
208.78.77.3,
218.142.144.144,
237.129.31.120,
222.149.125.78,
125.9.129.77,
124.107.65.129,
237.79.240.99,
138.115.22.115,
18.244.3.224,
71.6.230.3,
138.116.250.167,
239.219.116.243,
53.96.99.244,
33.66.137.78,
67.237.190.19,
114.190.79.141,
46.194.116.120,
44.142.18.235,
196.211.34.137,
138.116.63.22,
96.225.9.107,
77.80.19.6,
220.71.195.93,
80.61.229.102,
160.190.33.220,
225.71.116.173,
124.14.9.167,
5.195.19.152,
78.22.46.235,
18.3.167.18,
63.66.222.103,
86.107.109.86,
34.232.171.100,
24.9.168.118,
220.80.211.167,
105.147.220.6,
117.188.61.174,
118.42.18.138,
1.5.237.63,
125.144.31.102,
34.47.22.98,
120.149.125.71,
144.220.235.46,
147.112.129.186,
167.97.194.63,
97.147.80.96,
107.54.78.89,
169.63.8.140,
34.10.201.52,
61.254.118.61,
237.6.1.136,
167.120.186.78,
87.71.62.93,
199.18.249.129,
93.106.222.141,
176.80.185.118,
253.152.102.93,
186.207.230.176,
244.121.81.83,
91.67.141.241,
218.96.12.35,
67.93.121.239,
78.138.218.56,
98.96.50.61,
63.176.107.52,
34.246.208.243,
192.143.241.117,
230.64.210.223,
167.253.62.220,
61.10.254.9,
63.125.251.173,
232.46.220.91,
56.71.120.163,
120.218.247.193,
193.196.188.125,
185.171.35.120,
86.86.235.222,
3.4.123.253,
3.64.100.18,
73.117.224.34,
91.124.112.241,
18.97.142.6,
7.73.96.143,
10.6.208.193,
164.186.124.180,
41.220.138.32,
236.73.246.126,
229.239.41.78,
169.86.12.116,
63.148.56.193,
127.210.163.34,
